{"cameraMode":{"drawMode":0,"name":"Shaded","section":"Shading Mode"},"sceneLighting":false,"audioPlay":false,"sceneViewState":{"m_AlwaysRefresh":false,"showFog":true,"showSkybox":false,"showFlares":true,"showImageEffects":true,"showParticleSystems":true,"showVisualEffectGraphs":true,"m_FxEnabled":false},"in2DMode":false,"pivot":{"x":-0.2049713134765625,"y":1.421046257019043,"z":-0.3338733911514282},"rotation":{"x":-0.006123279687017202,"y":0.991539478302002,"z":-0.050920404493808749,"w":-0.11925627291202545},"size":1.7090516090393067,"orthographic":false}