{"cameraMode":{"drawMode":0,"name":"Shaded","section":"Shading Mode"},"sceneLighting":true,"audioPlay":false,"sceneViewState":{"m_AlwaysRefresh":false,"showFog":true,"showSkybox":true,"showFlares":true,"showImageEffects":true,"showParticleSystems":true,"showVisualEffectGraphs":true,"m_FxEnabled":false},"in2DMode":false,"pivot":{"x":33.184322357177737,"y":3.2484965324401857,"z":139.95242309570313},"rotation":{"x":0.22596420347690583,"y":-0.661186158657074,"z":0.21939076483249665,"w":0.6809284090995789},"size":0.2660253643989563,"orthographic":false}