{"cameraMode":{"drawMode":0,"name":"Shaded","section":"Shading Mode"},"sceneLighting":false,"audioPlay":false,"sceneViewState":{"m_AlwaysRefresh":false,"showFog":true,"showSkybox":false,"showFlares":true,"showImageEffects":true,"showParticleSystems":true,"showVisualEffectGraphs":true,"m_FxEnabled":false},"in2DMode":false,"pivot":{"x":-0.10488748550415039,"y":0.24180853366851808,"z":-0.21317121386528016},"rotation":{"x":-0.10363516956567764,"y":0.8923456072807312,"z":-0.35217785835266116,"w":-0.26260417699813845},"size":1.7678769826889039,"orthographic":false}