{"cameraMode":{"drawMode":0,"name":"Shaded","section":"Shading Mode"},"sceneLighting":false,"audioPlay":false,"sceneViewState":{"m_AlwaysRefresh":false,"showFog":true,"showSkybox":false,"showFlares":true,"showImageEffects":true,"showParticleSystems":true,"showVisualEffectGraphs":true,"m_FxEnabled":false},"in2DMode":false,"pivot":{"x":0.020702674984931947,"y":0.050834059715270999,"z":0.040295183658599856},"rotation":{"x":-0.128045916557312,"y":0.8674643635749817,"z":-0.28929850459098818,"w":-0.38396283984184267},"size":420.3063659667969,"orthographic":false}