{"cameraMode":{"drawMode":0,"name":"Shaded","section":"Shading Mode"},"sceneLighting":false,"audioPlay":false,"sceneViewState":{"m_AlwaysRefresh":false,"showFog":true,"showSkybox":false,"showFlares":true,"showImageEffects":true,"showParticleSystems":true,"showVisualEffectGraphs":true,"m_FxEnabled":false},"in2DMode":false,"pivot":{"x":349.29534912109377,"y":7.280889511108398,"z":336.86700439453127},"rotation":{"x":-0.07064581662416458,"y":-0.20879577100276948,"z":0.01512437779456377,"w":-0.9752867817878723},"size":3.8956024646759035,"orthographic":false}